cluster,split,samples,duration_hours,speakers
0,test,161,0.18449333333333331,48
0,train,1380,1.4724516666666667,137
0,validation,170,0.1841911111111111,50
1,test,149,0.16513805555555558,56
1,train,1256,1.3259544444444444,143
1,validation,157,0.16592916666666668,50
2,test,98,0.1503913888888889,43
2,train,814,1.2020600000000001,120
2,validation,102,0.15094944444444447,46
