text_cluster,samples,duration_hours,mean_duration_seconds,mean_word_count,mean_wer,mean_cer,mean_substitutions,mean_deletions,mean_insertions
1,83,0.10086333333333333,4.3747951807228915,7.590361445783133,0.2140323197552113,0.06194889765595426,1.3614457831325302,0.12048192771084337,0.1566265060240964
3,201,0.24686583333333334,4.421477611940299,7.203980099502488,0.18887668439907246,0.04953773930403923,1.099502487562189,0.11940298507462686,0.17412935323383086
2,26,0.031405277777777775,4.348423076923077,7.115384615384615,0.13263125763125763,0.03581770190158735,0.7307692307692307,0.07692307692307693,0.15384615384615385
0,66,0.08153777777777779,4.447515151515152,7.090909090909091,0.13221828676374128,0.0348635571536954,0.8181818181818182,0.06060606060606061,0.09090909090909091
4,32,0.039350555555555555,4.4269375,7.21875,0.07328869047619048,0.017403725364945534,0.40625,0.15625,0.0
