audio_cluster,sentence_cluster,samples,mean_wer,mean_cer,mean_duration_seconds,mean_words_per_second,mean_rms_db,mean_silence_ratio,mean_snr_proxy_db
1,0,45,0.2255146705146705,0.07011325836271184,3.7978666666666667,1.8035036811291076,-26.671874037378725,0.35465442288986426,67.60315490542649
2,0,40,0.20400523088023087,0.05602959417678734,5.558999999999999,1.4962823986512954,-27.649480823218727,0.32303514354542023,66.20386662455931
2,1,58,0.18410397074190177,0.04042571054890149,5.486896551724138,1.43544446254695,-26.350098248628225,0.33529315331071236,66.96886880102197
0,0,65,0.16874236874236875,0.04144625737626877,4.173969230769231,1.7355424487872446,-27.0120647767738,0.34300232532844,61.789964333133845
1,1,104,0.1597475441225441,0.04747828590455489,4.061884615384615,1.7893251630135343,-27.163394179864454,0.35265445918505267,66.39231369521676
0,1,96,0.14250578703703703,0.036617690313109595,4.08,1.7424522459114755,-26.507537739325027,0.3550660025198428,69.74403774294366
