audio_cluster,samples,duration_hours,mean_duration_seconds,mean_word_count,mean_words_per_second,mean_rms_db,mean_silence_ratio,mean_snr_proxy_db,mean_wer,mean_cer,mean_substitutions,mean_deletions,mean_insertions
2,98,0.15016666666666667,5.516326530612245,7.948979591836735,1.4602762732017849,-26.88045848315496,0.33028988401875636,66.65662301471068,0.19222693406366875,0.046794642641916115,1.2142857142857142,0.10204081632653061,0.21428571428571427
1,149,0.1648166666666667,3.9821476510067115,7.006711409395973,1.7936072658001168,-27.014948499247957,0.35325847506905617,66.75800399360224,0.1796100990731863,0.05431435141205196,1.0738255033557047,0.1342281879194631,0.10067114093959731
0,161,0.18416333333333332,4.1179378881987585,7.074534161490683,1.739662576265047,-26.711228779288813,0.3501955738400839,66.53276586941797,0.15309819580005915,0.03856711179823597,0.8757763975155279,0.09316770186335403,0.13664596273291926
