sentence_cluster,samples,duration_hours,mean_duration_seconds,mean_word_count,mean_words_per_second,mean_rms_db,mean_silence_ratio,mean_snr_proxy_db,mean_wer,mean_cer,mean_substitutions,mean_deletions,mean_insertions
0,150,0.18460333333333337,4.43048,7.333333333333333,1.6921281384535503,-27.079985167340592,0.341173372788062,64.71096211586844,0.19517748917748917,0.05393524748567331,1.1266666666666667,0.09333333333333334,0.23333333333333334
1,258,0.31454333333333334,4.3889767441860466,7.217054263565892,1.6923295015063269,-26.736520605044735,0.34964884840764227,67.76907999257523,0.158807482353994,0.041851671379722934,0.9728682170542635,0.12015503875968993,0.08914728682170543
