duration_bucket,samples,duration_hours,mean_duration_seconds,mean_word_count,mean_words_per_second,mean_rms_db,mean_silence_ratio,mean_snr_proxy_db,mean_wer,mean_cer,mean_substitutions,mean_deletions,mean_insertions
short_<3s,12,0.009209999999999998,2.763,5.5,1.990436924492106,-29.283400863114704,0.35520704156063704,56.05408326632522,0.264484126984127,0.07371793562597312,1.0833333333333333,0.0,0.3333333333333333
long_>6s,23,0.04402666666666668,6.8911304347826094,9.08695652173913,1.3176803711658018,-27.221402037807465,0.345033569407699,58.80307812346307,0.20657506744463267,0.06611437639693196,1.6521739130434783,0.043478260869565216,0.17391304347826086
medium_3_6s,373,0.44591,4.303689008042896,7.2037533512064345,1.7057596260749228,-26.762807061597005,0.3463462525798292,67.4690272370754,0.1670882513375811,0.04418973848305201,0.9892761394101877,0.11796246648793565,0.13404825737265416
