duration_bucket,samples,duration_hours,mean_duration_seconds,mean_word_count,mean_wer,mean_cer,mean_substitutions,mean_deletions,mean_insertions
short_<3s,12,0.00923861111111111,2.7715833333333335,5.5,0.264484126984127,0.07371793562597312,1.0833333333333333,0.0,0.3333333333333333
long_>6s,23,0.04409333333333334,6.901565217391304,9.08695652173913,0.20657506744463267,0.06611437639693196,1.6521739130434783,0.043478260869565216,0.17391304347826086
medium_3_6s,373,0.44669083333333326,4.311225201072386,7.2037533512064345,0.1670882513375811,0.04418973848305201,0.9892761394101877,0.11796246648793565,0.13404825737265416
