text_cluster_stopwords,samples,duration_hours,mean_duration_seconds,mean_word_count,mean_wer,mean_cer,mean_substitutions,mean_deletions,mean_insertions
0,349,0.42834555555555553,4.418464183381089,7.292263610315186,0.17729443431449163,0.0479899299561601,1.0687679083094557,0.12034383954154727,0.14040114613180515
1,30,0.03569583333333333,4.2835,7.1,0.14431818181818182,0.03596131523665032,0.8,0.06666666666666667,0.13333333333333333
2,29,0.03598138888888888,4.466655172413793,7.0344827586206895,0.13943623426382046,0.036575631966211324,0.7931034482758621,0.034482758620689655,0.1724137931034483
