text_cluster_stopwords,samples,duration_hours,mean_duration_seconds,mean_word_count,mean_wer,mean_cer,mean_substitutions,mean_deletions,mean_insertions
0,8,0.009732777777777778,4.37975,8.875,0.2232142857142857,0.07252795248078267,1.375,0.5,0.25
2,342,0.41928583333333336,4.413535087719299,7.245614035087719,0.17837111718690665,0.04782552531695009,1.0730994152046784,0.1111111111111111,0.14035087719298245
4,23,0.027654166666666667,4.328478260869565,7.043478260869565,0.15786749482401657,0.03936778634267868,0.8260869565217391,0.043478260869565216,0.21739130434782608
3,26,0.03237222222222222,4.4823076923076925,7.038461538461538,0.12805250305250307,0.0343076028787006,0.7692307692307693,0.038461538461538464,0.11538461538461539
1,9,0.010977777777777777,4.391111111111112,7.555555555555555,0.05555555555555555,0.017112033316499423,0.3333333333333333,0.1111111111111111,0.0
