cluster,variant,samples,total_samples,percentage
0,unknown,1643,1711,0.9602571595558154
0,Romanian-Romania,68,1711,0.03974284044418469
1,unknown,1500,1562,0.9603072983354674
1,Romanian-Romania,62,1562,0.03969270166453265
2,unknown,981,1014,0.9674556213017751
2,Romanian-Romania,33,1014,0.03254437869822485
