cluster,gender,samples,total_samples,percentage
0,male_masculine,1016,1711,0.5938047925189948
0,unknown,415,1711,0.24254821741671537
0,female_feminine,280,1711,0.1636469900642899
1,male_masculine,911,1562,0.5832266325224071
1,unknown,462,1562,0.29577464788732394
1,female_feminine,189,1562,0.12099871959026888
2,male_masculine,497,1014,0.490138067061144
2,unknown,358,1014,0.3530571992110454
2,female_feminine,159,1014,0.15680473372781065
