cluster,duration_bucket,samples,total_samples,percentage
0,medium_3_6s,1573,1711,0.9193454120397428
0,short_<3s,136,1711,0.07948568088836938
0,long_>6s,2,1711,0.0011689070718877848
1,medium_3_6s,1358,1562,0.8693982074263764
1,short_<3s,200,1562,0.12804097311139565
1,long_>6s,4,1562,0.002560819462227913
2,medium_3_6s,835,1014,0.8234714003944773
2,long_>6s,179,1014,0.1765285996055227
