cluster,samples,duration_hours,speakers,mean_duration_seconds,mean_word_count,mean_char_count
0,1711,1.841136111111111,235,3.8738106370543544,7.0964348334307426,41.841028638223264
1,1562,1.6570216666666668,249,3.819,6.832266325224071,39.35659411011524
2,1014,1.5034008333333335,209,5.33751775147929,7.9171597633136095,49.86785009861933
