split,duration_bucket,samples,total_samples,percentage
test,medium_3_6s,373,408,0.9142156862745098
test,long_>6s,23,408,0.056372549019607844
test,short_<3s,12,408,0.029411764705882353
train,medium_3_6s,3016,3450,0.8742028985507246
train,short_<3s,289,3450,0.08376811594202899
train,long_>6s,145,3450,0.042028985507246375
validation,medium_3_6s,377,429,0.8787878787878788
validation,short_<3s,35,429,0.08158508158508158
validation,long_>6s,17,429,0.039627039627039624
