split,samples,duration_hours,speakers,mean_duration_seconds,mean_word_count,mean_char_count
test,408,0.5000227777777777,71,4.4119656862745105,7.259803921568627,43.259803921568626
train,3450,4.000466111111111,163,4.174399420289855,7.209275362318841,42.9431884057971
validation,429,0.5010697222222222,71,4.2047808857808855,7.011655011655011,41.55477855477856
